"count","truePos","falseNeg","falsePos","F1val","Sens","Prec","Miss","FPper","Fbeta","beta","Model","Threshold","Source"
32149,11782,6989,13378,0.536386606268922,0.627670342549678,0.468282988871224,0.372329657450322,0.531717011128776,0.49333813467771,0.5,"ResNet50v2",0.65,"Soundscape - No XC Pre-training"
33635,11960,6988,14687,0.524618927513982,0.631201182182816,0.448831012871993,0.368798817817184,0.551168987128007,0.476357379556462,0.5,"ResNet101v2",0.65,"Soundscape - No XC Pre-training"
28515,11465,7132,9918,0.573536768384192,0.616497284508254,0.536173595847168,0.383502715491746,0.463826404152832,0.550519067694878,0.5,"MobileNetv2",0.65,"Soundscape - No XC Pre-training"
35060,11735,7039,13078,0.5384633032785,0.62506658144242,0.472937573046387,0.37493341855758,0.527062426953613,0.497136224221782,0.5,"ResNet50v2",0.66,"Soundscape - No XC Pre-training"
36511,11886,7082,14437,0.524872491223422,0.626634331505694,0.451544276868138,0.373365668494306,0.548455723131862,0.478271366489619,0.5,"ResNet101v2",0.66,"Soundscape - No XC Pre-training"
31530,11391,7243,9741,0.572901473620681,0.611301921219277,0.539040318001136,0.388698078780723,0.460959681998864,0.552092824877377,0.5,"MobileNetv2",0.66,"Soundscape - No XC Pre-training"
37451,11667,7135,12780,0.539526925478046,0.620519093713435,0.477236470732605,0.379480906286565,0.522763529267395,0.500343082597135,0.5,"ResNet50v2",0.67,"Soundscape - No XC Pre-training"
38677,11831,7158,14181,0.52581053754361,0.623044920743588,0.454828540673535,0.376955079256412,0.545171459326465,0.480790331363736,0.5,"ResNet101v2",0.67,"Soundscape - No XC Pre-training"
33450,11303,7378,9550,0.571811605200587,0.605053262673304,0.542032321488515,0.394946737326696,0.457967678511485,0.553563907417747,0.5,"MobileNetv2",0.67,"Soundscape - No XC Pre-training"
38847,11608,7216,12491,0.540875521282296,0.616659583510412,0.481679737748454,0.383340416489588,0.518320262251546,0.503731990973789,0.5,"ResNet50v2",0.68,"Soundscape - No XC Pre-training"
40365,11761,7259,13931,0.526078010377527,0.618349106203996,0.45776895531683,0.381650893796004,0.54223104468317,0.482847242749696,0.5,"ResNet101v2",0.68,"Soundscape - No XC Pre-training"
34633,11233,7472,9279,0.572863809062396,0.600534616412724,0.547630655226209,0.399465383587276,0.452369344773791,0.557452383551855,0.5,"MobileNetv2",0.68,"Soundscape - No XC Pre-training"
40363,11528,7333,12220,0.541106339036354,0.611208313451037,0.485430352029645,0.388791686548963,0.514569647970355,0.506266852871685,0.5,"ResNet50v2",0.69,"Soundscape - No XC Pre-training"
41330,11717,7322,13702,0.527104233208871,0.615420977992542,0.460954404185845,0.384579022007458,0.539045595814155,0.485316654931036,0.5,"ResNet101v2",0.69,"Soundscape - No XC Pre-training"
35624,11167,7560,9053,0.573445965029399,0.596304800555348,0.552274975272008,0.403695199444652,0.447725024727992,0.560552973184615,0.5,"MobileNetv2",0.69,"Soundscape - No XC Pre-training"
41195,11454,7428,11933,0.541957462916085,0.606609469335875,0.489759267969385,0.393390530664125,0.510240732030615,0.509383616472472,0.5,"ResNet50v2",0.7,"Soundscape - No XC Pre-training"
42174,11668,7377,13440,0.528525807985867,0.612654239957994,0.464712442249482,0.387345760042006,0.535287557750518,0.488294818249538,0.5,"ResNet101v2",0.7,"Soundscape - No XC Pre-training"
36594,11103,7642,8860,0.573679859460577,0.592317951453721,0.556178931022391,0.407682048546279,0.443821068977609,0.563049585687191,0.5,"MobileNetv2",0.7,"Soundscape - No XC Pre-training"
41846,11380,7513,11629,0.543172163619875,0.602339490816705,0.494589073840671,0.397660509183295,0.505410926159329,0.512940709823401,0.5,"ResNet50v2",0.71,"Soundscape - No XC Pre-training"
42956,11586,7486,13209,0.52823306813778,0.607487416107383,0.467271627344223,0.392512583892617,0.532728372655777,0.489886006156344,0.5,"ResNet101v2",0.71,"Soundscape - No XC Pre-training"
37130,11006,7769,8687,0.572215867734221,0.586205059920107,0.55887878941756,0.413794940079893,0.44112121058244,0.56413831281331,0.5,"MobileNetv2",0.71,"Soundscape - No XC Pre-training"
42349,11295,7617,11394,0.543015792889594,0.597239847715736,0.497818326061087,0.402760152284264,0.502181673938913,0.514963343910712,0.5,"ResNet50v2",0.72,"Soundscape - No XC Pre-training"
43493,11507,7589,12974,0.528122633499323,0.602586929199832,0.470037988644255,0.397413070800168,0.529962011355745,0.491668090924628,0.5,"ResNet101v2",0.72,"Soundscape - No XC Pre-training"
37835,10963,7831,8487,0.573318690513545,0.583324465254869,0.563650385604113,0.416675534745131,0.436349614395887,0.567478311282274,0.5,"MobileNetv2",0.72,"Soundscape - No XC Pre-training"
42599,11201,7740,11166,0.542316258351893,0.591362652447073,0.500782402646756,0.408637347552928,0.499217597353244,0.516608399671614,0.5,"ResNet50v2",0.73,"Soundscape - No XC Pre-training"
43888,11423,7698,12697,0.528341157697556,0.597405993410386,0.473590381426202,0.402594006589614,0.526409618573798,0.494070120500688,0.5,"ResNet101v2",0.73,"Soundscape - No XC Pre-training"
38256,10889,7925,8337,0.572502628811777,0.578771127883491,0.566368459377926,0.421228872116509,0.433631540622074,0.568806285129234,0.5,"MobileNetv2",0.73,"Soundscape - No XC Pre-training"
42646,11111,7866,10888,0.542317454119485,0.585498234705169,0.505068412200555,0.414501765294831,0.494931587799445,0.519336655043796,0.5,"ResNet50v2",0.74,"Soundscape - No XC Pre-training"
43903,11369,7770,12500,0.528692336309524,0.594022676210878,0.476308182160962,0.405977323789122,0.523691817839038,0.495964751559569,0.5,"ResNet101v2",0.74,"Soundscape - No XC Pre-training"
38669,10810,8024,8156,0.571957671957672,0.573961983646597,0.56996730992302,0.426038016353403,0.43003269007698,0.570761790111724,0.5,"MobileNetv2",0.74,"Soundscape - No XC Pre-training"
42822,11028,7971,10649,0.542236208083391,0.580451602715932,0.508741984591964,0.419548397284068,0.491258015408036,0.521630544807818,0.5,"ResNet50v2",0.75,"Soundscape - No XC Pre-training"
44123,11304,7860,12242,0.529337391711543,0.58985597996243,0.480081542512529,0.41014402003757,0.519918457487471,0.498641352295585,0.5,"ResNet101v2",0.75,"Soundscape - No XC Pre-training"
38807,10732,8128,7981,0.571261278045405,0.569034994697773,0.573505049965265,0.430965005302227,0.426494950034735,0.572605429400717,0.5,"MobileNetv2",0.75,"Soundscape - No XC Pre-training"
43137,10964,8062,10364,0.543390989740794,0.576264059707768,0.514066016504126,0.423735940292232,0.485933983495874,0.52540780923537,0.5,"ResNet50v2",0.76,"Soundscape - No XC Pre-training"
44280,11228,7964,11984,0.52957268182247,0.585035431429762,0.483715319662244,0.414964568570238,0.516284680337756,0.50107104605498,0.5,"ResNet101v2",0.76,"Soundscape - No XC Pre-training"
38878,10647,8239,7838,0.56980011238661,0.563750926612305,0.575980524749797,0.436249073387695,0.424019475250203,0.573492340508047,0.5,"MobileNetv2",0.76,"Soundscape - No XC Pre-training"
43230,10896,8151,10051,0.544881732259839,0.572058591904237,0.520169952737862,0.427941408095763,0.479830047262138,0.529780716682064,0.5,"ResNet50v2",0.77,"Soundscape - No XC Pre-training"
44558,11172,8046,11739,0.530371003346863,0.581330003122073,0.48762603116407,0.418669996877927,0.51237396883593,0.503869675813173,0.5,"ResNet101v2",0.77,"Soundscape - No XC Pre-training"
38954,10558,8350,7633,0.569179762257743,0.558387983922149,0.580396899565719,0.441612016077851,0.419603100434281,0.575857404660092,0.5,"MobileNetv2",0.77,"Soundscape - No XC Pre-training"
43368,10846,8219,9764,0.546742281033396,0.568895882507212,0.526249393498302,0.431104117492788,0.473750606501698,0.534259396088863,0.5,"ResNet50v2",0.78,"Soundscape - No XC Pre-training"
44794,11089,8159,11490,0.53023166853946,0.576111803823774,0.49112006731919,0.423888196176226,0.50887993268081,0.506051257712387,0.5,"ResNet101v2",0.78,"Soundscape - No XC Pre-training"
39160,10470,8488,7459,0.567679670344566,0.552273446566093,0.583970104300296,0.447726553433907,0.416029895699704,0.577343009021329,0.5,"MobileNetv2",0.78,"Soundscape - No XC Pre-training"
43495,10749,8351,9486,0.546536163721876,0.562774869109948,0.531208302446256,0.437225130890052,0.468791697553744,0.537235105957617,0.5,"ResNet50v2",0.79,"Soundscape - No XC Pre-training"
44884,11007,8272,11250,0.529998073959938,0.570932102287463,0.494541043267287,0.429067897712537,0.505458956732713,0.508138901456046,0.5,"ResNet101v2",0.79,"Soundscape - No XC Pre-training"
39150,10371,8609,7295,0.566009932871255,0.546417281348788,0.587059889052417,0.453582718651212,0.412940110947583,0.57845477667217,0.5,"MobileNetv2",0.79,"Soundscape - No XC Pre-training"
43500,10676,8447,9263,0.546618196712918,0.558280604507661,0.535433070866142,0.441719395492339,0.464566929133858,0.539851737982787,0.5,"ResNet50v2",0.8,"Soundscape - No XC Pre-training"
44898,10944,8362,10990,0.53074684772066,0.566870402983528,0.498951399653506,0.433129597016472,0.501048600346494,0.51120121073971,0.5,"ResNet101v2",0.8,"Soundscape - No XC Pre-training"
39195,10301,8707,7084,0.566097875965158,0.541929713804714,0.592522289329882,0.458070286195286,0.407477710670118,0.581661923476532,0.5,"MobileNetv2",0.8,"Soundscape - No XC Pre-training"
43491,10587,8567,9040,0.545989015239421,0.552730500156625,0.539409996433485,0.447269499843375,0.460590003566516,0.542022485716041,0.5,"ResNet50v2",0.81,"Soundscape - No XC Pre-training"
44834,10800,8541,10709,0.528763769889841,0.558399255467659,0.502115393556186,0.441600744532341,0.497884606443814,0.512445789878247,0.5,"ResNet101v2",0.81,"Soundscape - No XC Pre-training"
39189,10209,8828,6910,0.564719548622635,0.536271471345275,0.596354927273789,0.463728528654725,0.403645072726211,0.583284769120016,0.5,"MobileNetv2",0.81,"Soundscape - No XC Pre-training"
43461,10498,8687,8822,0.54527983378782,0.547198332030232,0.543374741200828,0.452801667969768,0.456625258799172,0.544135178562173,0.5,"ResNet50v2",0.82,"Soundscape - No XC Pre-training"
44812,10687,8698,10440,0.527596761453397,0.551302553520764,0.505845600416529,0.448697446479237,0.494154399583471,0.514327240526311,0.5,"ResNet101v2",0.82,"Soundscape - No XC Pre-training"
39229,10086,8993,6700,0.562442492680887,0.528644058912941,0.600857857738592,0.471355941087059,0.399142142261408,0.584878744650499,0.5,"MobileNetv2",0.82,"Soundscape - No XC Pre-training"
43418,10417,8793,8569,0.545449785317834,0.542269651223321,0.548667439165701,0.457730348776679,0.451332560834299,0.547375832860416,0.5,"ResNet50v2",0.83,"Soundscape - No XC Pre-training"
44881,10621,8791,10155,0.528565741017219,0.547135792293427,0.511214863303812,0.452864207706573,0.488785136696188,0.518016699832221,0.5,"ResNet101v2",0.83,"Soundscape - No XC Pre-training"
39212,10001,9099,6497,0.561885499185347,0.523612565445026,0.606194690265487,0.476387434554974,0.393805309734513,0.587658064212852,0.5,"MobileNetv2",0.83,"Soundscape - No XC Pre-training"
43413,10340,8905,8299,0.545876887340302,0.537282411015848,0.554750791351467,0.462717588984152,0.445249208648533,0.551166831910108,0.5,"ResNet50v2",0.84,"Soundscape - No XC Pre-training"
44825,10513,8931,9861,0.528052639509769,0.540680929849825,0.516000785314617,0.459319070150175,0.483999214685383,0.520754903903309,0.5,"ResNet101v2",0.84,"Soundscape - No XC Pre-training"
39434,9902,9233,6242,0.561353779869044,0.517481055657173,0.613354806739346,0.482518944342827,0.386645193260654,0.591439595752052,0.5,"MobileNetv2",0.84,"Soundscape - No XC Pre-training"
43420,10258,9006,8049,0.546059460754305,0.53249584717608,0.560332113399246,0.46750415282392,0.439667886600754,0.554534446222376,0.5,"ResNet50v2",0.85,"Soundscape - No XC Pre-training"
44795,10436,9023,9602,0.528445198369496,0.536307107251143,0.520810460125761,0.463692892748857,0.479189539874239,0.523837728764895,0.5,"ResNet101v2",0.85,"Soundscape - No XC Pre-training"
39395,9815,9341,6058,0.560392817379885,0.512372102735435,0.618345618345618,0.487627897264565,0.381654381654382,0.593783273642435,0.5,"MobileNetv2",0.85,"Soundscape - No XC Pre-training"
43377,10123,9192,7812,0.54351677852349,0.524100440072483,0.564427097853359,0.475899559927517,0.435572902146641,0.555872824117292,0.5,"ResNet50v2",0.86,"Soundscape - No XC Pre-training"
44729,10325,9167,9373,0.52692013268691,0.529704494151447,0.524164889836532,0.470295505848553,0.475835110163468,0.525263522038175,0.5,"ResNet101v2",0.86,"Soundscape - No XC Pre-training"
39460,9711,9496,5828,0.558970816784666,0.505596917790389,0.624943690070146,0.494403082209611,0.375056309929854,0.596770030603591,0.5,"MobileNetv2",0.86,"Soundscape - No XC Pre-training"
43323,9985,9387,7525,0.54145653706415,0.515434647945488,0.570245573957738,0.484565352054512,0.429754426042262,0.558370241130944,0.5,"ResNet50v2",0.87,"Soundscape - No XC Pre-training"
44713,10214,9311,9113,0.525790178111809,0.523124199743918,0.528483468722513,0.476875800256082,0.471516531277487,0.527402848202576,0.5,"ResNet101v2",0.87,"Soundscape - No XC Pre-training"
39407,9603,9634,5645,0.556937799043062,0.499194261059417,0.629787513116474,0.500805738940583,0.370212486883526,0.598474367124107,0.5,"MobileNetv2",0.87,"Soundscape - No XC Pre-training"
43282,9863,9541,7196,0.540986753695527,0.508297258297258,0.578169881001231,0.491702741702742,0.421830118998769,0.562699680511182,0.5,"ResNet50v2",0.88,"Soundscape - No XC Pre-training"
44680,10125,9435,8811,0.526028678304239,0.517638036809816,0.534695817490494,0.482361963190184,0.465304182509506,0.531194913120121,0.5,"ResNet101v2",0.88,"Soundscape - No XC Pre-training"
39365,9466,9815,5425,0.554020835771977,0.490949639541518,0.635685984823048,0.509050360458482,0.364314015176952,0.600291711586023,0.5,"MobileNetv2",0.88,"Soundscape - No XC Pre-training"
43257,9746,9708,6908,0.539824969535837,0.500976662897091,0.585204755614267,0.499023337102909,0.414795244385733,0.56616707331242,0.5,"ResNet50v2",0.89,"Soundscape - No XC Pre-training"
44640,9995,9619,8489,0.524699459289201,0.509584990313042,0.540737935511794,0.490415009686958,0.459262064488206,0.534206306787814,0.5,"ResNet101v2",0.89,"Soundscape - No XC Pre-training"
39370,9346,9963,5181,0.552429365173188,0.484022994458543,0.643353755076754,0.515977005541457,0.356646244923246,0.603614193265045,0.5,"MobileNetv2",0.89,"Soundscape - No XC Pre-training"
43227,9596,9920,6625,0.537034446092285,0.491699118671859,0.591578817582147,0.508300881328141,0.408421182417853,0.568483412322275,0.5,"ResNet50v2",0.9,"Soundscape - No XC Pre-training"
44580,9868,9783,8182,0.523487440651442,0.502162739809679,0.546703601108033,0.497837260190321,0.453296398891967,0.537174336697477,0.5,"ResNet101v2",0.9,"Soundscape - No XC Pre-training"
39336,9178,10205,4974,0.547368421052632,0.473507712944333,0.648530243075184,0.526492287055667,0.351469756924816,0.60388730244371,0.5,"MobileNetv2",0.9,"Soundscape - No XC Pre-training"
43188,9432,10148,6305,0.534133703315684,0.481716036772217,0.599351845968101,0.518283963227783,0.400648154031899,0.571442419542458,0.5,"ResNet50v2",0.91,"Soundscape - No XC Pre-training"
44506,9736,9952,7896,0.521757770632369,0.494514425030475,0.552177858439201,0.505485574969525,0.447822141560799,0.53959386361621,0.5,"ResNet101v2",0.91,"Soundscape - No XC Pre-training"
39337,9043,10399,4756,0.544087121326073,0.465127044542743,0.655337343285745,0.534872955457257,0.344662656714255,0.605790616040087,0.5,"MobileNetv2",0.91,"Soundscape - No XC Pre-training"
43124,9264,10377,5956,0.531482172054732,0.471666412097144,0.608672798948752,0.528333587902856,0.391327201051248,0.575253660535761,0.5,"ResNet50v2",0.92,"Soundscape - No XC Pre-training"
44421,9530,10212,7534,0.517850350486334,0.482727180630129,0.558485700890764,0.517272819369871,0.441514299109236,0.541489579308621,0.5,"ResNet101v2",0.92,"Soundscape - No XC Pre-training"
39345,8876,10650,4543,0.538837456366672,0.454573389327051,0.661450182576943,0.545426610672949,0.338549817423057,0.606267588317259,0.5,"MobileNetv2",0.92,"Soundscape - No XC Pre-training"
43084,9098,10603,5558,0.529615507756789,0.461803969341658,0.620769650655022,0.538196030658342,0.379230349344978,0.580785189913821,0.5,"ResNet50v2",0.93,"Soundscape - No XC Pre-training"
44387,9370,10435,7165,0.515685195376995,0.473112850290331,0.566676746295736,0.526887149709669,0.433323253704264,0.545116062598173,0.5,"ResNet101v2",0.93,"Soundscape - No XC Pre-training"
39318,8693,10904,4331,0.53296955948622,0.443588304332296,0.667460073710074,0.556411695667704,0.332539926289926,0.606265604731285,0.5,"MobileNetv2",0.93,"Soundscape - No XC Pre-training"
43029,8903,10869,5215,0.525405724402479,0.450283228808416,0.630613401331633,0.549716771191584,0.369386598668367,0.583849220922302,0.5,"ResNet50v2",0.94,"Soundscape - No XC Pre-training"
44332,9186,10687,6690,0.513916473188061,0.462235193478589,0.578609221466364,0.537764806521411,0.421390778533636,0.55087134341605,0.5,"ResNet101v2",0.94,"Soundscape - No XC Pre-training"
39277,8475,11212,4055,0.526119750442313,0.430487123482501,0.676376695929769,0.569512876517499,0.323623304070231,0.607030813528729,0.5,"MobileNetv2",0.94,"Soundscape - No XC Pre-training"
42971,8688,11151,4842,0.520722826575564,0.437925298654166,0.642128603104213,0.562074701345834,0.357871396895787,0.587352452034235,0.5,"ResNet50v2",0.95,"Soundscape - No XC Pre-training"
44272,8989,10957,6253,0.510912811185631,0.450666800360975,0.589752001049731,0.549333199639025,0.410247998950269,0.555466297550486,0.5,"ResNet101v2",0.95,"Soundscape - No XC Pre-training"
39232,8247,11532,3750,0.519070996978852,0.416957379038374,0.687421855463866,0.583042620961626,0.312578144536134,0.608482004515472,0.5,"MobileNetv2",0.95,"Soundscape - No XC Pre-training"
42873,8425,11490,4483,0.513359534472778,0.423047953803666,0.652696002479083,0.576952046196334,0.347303997520917,0.588773813018016,0.5,"ResNet50v2",0.96,"Soundscape - No XC Pre-training"
44196,8710,11323,5772,0.504708097928437,0.434782608695652,0.601436265709156,0.565217391304348,0.398563734290844,0.55861263965316,0.5,"ResNet101v2",0.96,"Soundscape - No XC Pre-training"
39148,7917,11959,3406,0.507516266547005,0.398319581404709,0.699196326061998,0.601680418595291,0.300803673938002,0.60743002700712,0.5,"MobileNetv2",0.96,"Soundscape - No XC Pre-training"
42801,8087,11960,3937,0.504318543232204,0.403402005287574,0.672571523619428,0.596597994712426,0.327428476380572,0.593384500242138,0.5,"ResNet50v2",0.97,"Soundscape - No XC Pre-training"
44134,8375,11771,5220,0.496428677276903,0.41571527846719,0.616035307098198,0.584284721532811,0.383964692901802,0.561884443013177,0.5,"ResNet101v2",0.97,"Soundscape - No XC Pre-training"
39077,7602,12386,3079,0.495744888975839,0.380328196918151,0.711731111319165,0.619671803081849,0.288268888680835,0.606104094910065,0.5,"MobileNetv2",0.97,"Soundscape - No XC Pre-training"
42744,7592,12673,3495,0.484307221229906,0.374636072045398,0.684765942094345,0.625363927954601,0.315234057905655,0.587497871945274,0.5,"ResNet50v2",0.98,"Soundscape - No XC Pre-training"
44165,7890,12416,4498,0.482657368324463,0.388555106864966,0.636906683887633,0.611444893135034,0.363093316112367,0.564716997337456,0.5,"ResNet101v2",0.98,"Soundscape - No XC Pre-training"
38997,7146,12986,2712,0.476558852950984,0.354957281939201,0.724893487522824,0.645042718060799,0.275106512477176,0.599858975219931,0.5,"MobileNetv2",0.98,"Soundscape - No XC Pre-training"
42622,6830,13694,2768,0.453489144147135,0.332781134281816,0.711606584705147,0.667218865718184,0.288393415294853,0.579638807794148,0.5,"ResNet50v2",0.99,"Soundscape - No XC Pre-training"
44063,7103,13492,3467,0.455831862666453,0.344889536295217,0.671996215704825,0.655110463704783,0.328003784295175,0.564850894632207,0.5,"ResNet101v2",0.99,"Soundscape - No XC Pre-training"
38935,6351,14093,2105,0.439515570934256,0.310653492467228,0.751064333017975,0.689346507532772,0.248935666982025,0.585151470479841,0.5,"MobileNetv2",0.99,"Soundscape - No XC Pre-training"
28797,12365,7135,9297,0.600796851464943,0.634102564102564,0.570815252515926,0.365897435897436,0.429184747484073,0.582441496778083,0.5,"MobileNetv2",0.65,"Soundscape - XC Pre-training"
27515,12530,7024,7961,0.625795979523037,0.640789608264294,0.611487970328437,0.359210391735706,0.388512029671563,0.617131937193404,0.5,"ResNet101v2",0.65,"Soundscape - XC Pre-training"
27618,12423,7107,8088,0.620513973177493,0.636098310291859,0.605675003656575,0.363901689708141,0.394324996343425,0.611524602752673,0.5,"ResNet50v2",0.65,"Soundscape - XC Pre-training"
31561,12299,7221,9086,0.601344578902335,0.630071721311475,0.575122749590835,0.369928278688525,0.424877250409165,0.585332191128879,0.5,"MobileNetv2",0.66,"Soundscape - XC Pre-training"
30091,12428,7153,7828,0.623942565956272,0.634696900056177,0.613546603475513,0.365303099943823,0.386453396524487,0.617663138015009,0.5,"ResNet101v2",0.66,"Soundscape - XC Pre-training"
30336,12354,7193,7893,0.6208976227572,0.632015142988694,0.610164468810194,0.367984857011306,0.389835531189806,0.614412891032974,0.5,"ResNet50v2",0.66,"Soundscape - XC Pre-training"
33401,12224,7321,8907,0.601042383715213,0.625428498337171,0.578486583692206,0.374571501662829,0.421513416307794,0.587302654969299,0.5,"MobileNetv2",0.67,"Soundscape - XC Pre-training"
31626,12372,7226,7656,0.624438499974764,0.63128890703133,0.617735170760935,0.36871109296867,0.382264829239065,0.620399157556915,0.5,"ResNet101v2",0.67,"Soundscape - XC Pre-training"
32487,12274,7290,7742,0.620212228398181,0.62737681455735,0.613209432454037,0.37262318544265,0.386790567545963,0.615991488336612,0.5,"ResNet50v2",0.67,"Soundscape - XC Pre-training"
35367,12123,7457,8712,0.599925770134851,0.619152196118488,0.581857451403888,0.380847803881512,0.418142548596112,0.588952584531675,0.5,"MobileNetv2",0.68,"Soundscape - XC Pre-training"
32917,12302,7324,7492,0.624150177574835,0.626821563232447,0.621501465090431,0.373178436767553,0.378498534909569,0.622558247808749,0.5,"ResNet101v2",0.68,"Soundscape - XC Pre-training"
33826,12178,7412,7590,0.618832257736674,0.621643695763144,0.616046135167948,0.378356304236856,0.383953864832052,0.617157568263364,0.5,"ResNet50v2",0.68,"Soundscape - XC Pre-training"
36769,12014,7611,8518,0.598351470478372,0.612178343949045,0.585135398402494,0.387821656050955,0.414864601597506,0.590351144438002,0.5,"MobileNetv2",0.69,"Soundscape - XC Pre-training"
33964,12231,7417,7333,0.623839640926247,0.622506107491857,0.625178900020446,0.377493892508143,0.374821099979554,0.624642506945579,0.5,"ResNet101v2",0.69,"Soundscape - XC Pre-training"
34942,12066,7554,7382,0.617692228934166,0.614984709480122,0.620423693953106,0.385015290519878,0.379576306046894,0.619328214183058,0.5,"ResNet50v2",0.69,"Soundscape - XC Pre-training"
37342,11939,7716,8329,0.598101345089297,0.60742813533452,0.58905664101046,0.392571864665479,0.41094335898954,0.592641496321741,0.5,"MobileNetv2",0.7,"Soundscape - XC Pre-training"
34829,12106,7579,7134,0.622016698779705,0.61498602997206,0.629209979209979,0.38501397002794,0.370790020790021,0.626312794246986,0.5,"ResNet101v2",0.7,"Soundscape - XC Pre-training"
35839,11999,7640,7195,0.617979553472562,0.610978155710576,0.625143273939773,0.389021844289424,0.374856726060227,0.622257947414821,0.5,"ResNet50v2",0.7,"Soundscape - XC Pre-training"
37723,11853,7825,8184,0.596902933400478,0.602347799573127,0.591555622099117,0.397652200426873,0.408444377900883,0.593683008434676,0.5,"MobileNetv2",0.71,"Soundscape - XC Pre-training"
35502,12018,7690,6972,0.621117370406739,0.60980312563426,0.632859399684044,0.39019687436574,0.367140600315956,0.628109712756617,0.5,"ResNet101v2",0.71,"Soundscape - XC Pre-training"
36403,11913,7752,6977,0.617974322396576,0.605797101449275,0.630651138168343,0.394202898550725,0.369348861831657,0.625518508794959,0.5,"ResNet50v2",0.71,"Soundscape - XC Pre-training"
38079,11753,7949,8020,0.595465484483851,0.596538422495178,0.594396399130127,0.403461577504822,0.405603600869873,0.594823572281718,0.5,"MobileNetv2",0.72,"Soundscape - XC Pre-training"
36519,11929,7795,6820,0.620123203285421,0.604796187385926,0.636247266520881,0.395203812614074,0.363752733479119,0.629698057432432,0.5,"ResNet101v2",0.72,"Soundscape - XC Pre-training"
36717,11811,7880,6818,0.616440501043841,0.599817175359301,0.634011487465779,0.400182824640699,0.365988512534221,0.626864245756685,0.5,"ResNet50v2",0.72,"Soundscape - XC Pre-training"
38421,11661,8065,7839,0.594554632131749,0.59114873770658,0.598,0.40885126229342,0.402,0.596617072222336,0.5,"MobileNetv2",0.73,"Soundscape - XC Pre-training"
36799,11806,7956,6676,0.617404037234599,0.597409169112438,0.63878368141976,0.402590830887562,0.36121631858024,0.630056569537838,0.5,"ResNet101v2",0.73,"Soundscape - XC Pre-training"
36979,11703,8022,6645,0.614766369868411,0.593307984790875,0.637835186396338,0.406692015209125,0.362164813603663,0.628402976900029,0.5,"ResNet50v2",0.73,"Soundscape - XC Pre-training"
38705,11588,8172,7706,0.593434731397552,0.586437246963563,0.60060122317819,0.413562753036437,0.39939877682181,0.597713955599571,0.5,"MobileNetv2",0.74,"Soundscape - XC Pre-training"
37178,11698,8090,6536,0.615327968018516,0.591166363452598,0.641548755072941,0.408833636547402,0.358451244927059,0.630796773219447,0.5,"ResNet101v2",0.74,"Soundscape - XC Pre-training"
37134,11596,8169,6471,0.613026009727215,0.586693650392107,0.641833176509659,0.413306349607893,0.358166823490342,0.629991416122478,0.5,"ResNet50v2",0.74,"Soundscape - XC Pre-training"
38839,11524,8249,7536,0.593515824170165,0.582814949678855,0.604616998950682,0.417185050321145,0.395383001049318,0.600127066126462,0.5,"MobileNetv2",0.75,"Soundscape - XC Pre-training"
37430,11612,8206,6355,0.614635437342861,0.585931981027349,0.646295987087438,0.414068018972651,0.353704012912562,0.633248260366905,0.5,"ResNet101v2",0.75,"Soundscape - XC Pre-training"
37305,11502,8289,6314,0.611694631318637,0.581173260572988,0.645599461158509,0.418826739427012,0.354400538841491,0.631596287957828,0.5,"ResNet50v2",0.75,"Soundscape - XC Pre-training"
39096,11431,8366,7348,0.592648278722522,0.577410718795777,0.608711858991427,0.422589281204223,0.391288141008573,0.602183051847481,0.5,"MobileNetv2",0.76,"Soundscape - XC Pre-training"
37388,11509,8336,6223,0.612555552598664,0.579944570420761,0.649052560342883,0.420055429579239,0.350947439657117,0.633944014189241,0.5,"ResNet101v2",0.76,"Soundscape - XC Pre-training"
37345,11388,8435,6166,0.609358696524601,0.574484185037583,0.648741027685998,0.425515814962417,0.351258972314002,0.632392629860394,0.5,"ResNet50v2",0.76,"Soundscape - XC Pre-training"
39156,11323,8491,7163,0.591279373368146,0.571464620975068,0.612517580872011,0.428535379024932,0.387482419127989,0.603841805499264,0.5,"MobileNetv2",0.77,"Soundscape - XC Pre-training"
37482,11404,8482,6081,0.610312809397661,0.573468772000402,0.652216185301687,0.426531227999598,0.347783814698313,0.634782802306682,0.5,"ResNet101v2",0.77,"Soundscape - XC Pre-training"
37622,11262,8607,5979,0.606952303961196,0.566812622678544,0.653210370628154,0.433187377321456,0.346789629371846,0.63388605585762,0.5,"ResNet50v2",0.77,"Soundscape - XC Pre-training"
39206,11215,8639,6991,0.589332632685234,0.564873577112924,0.616005712402505,0.435126422887076,0.383994287597495,0.605051900127323,0.5,"MobileNetv2",0.78,"Soundscape - XC Pre-training"
37502,11313,8604,5925,0.608962454582156,0.568007230004519,0.656282631395754,0.431992769995481,0.343717368604246,0.636498666576647,0.5,"ResNet101v2",0.78,"Soundscape - XC Pre-training"
37731,11172,8723,5785,0.606317160534028,0.561548127670269,0.658842955711506,0.438451872329731,0.341157044288494,0.636777128005198,0.5,"ResNet50v2",0.78,"Soundscape - XC Pre-training"
39437,11106,8775,6807,0.587712335291316,0.558623811679493,0.619996650477307,0.441376188320507,0.380003349522693,0.606666448166235,0.5,"MobileNetv2",0.79,"Soundscape - XC Pre-training"
37680,11211,8756,5763,0.606967867680897,0.561476436119597,0.660480735242135,0.438523563880403,0.339519264757865,0.637981858120028,0.5,"ResNet101v2",0.79,"Soundscape - XC Pre-training"
37760,11044,8875,5654,0.603217084960537,0.554445504292384,0.661396574440053,0.445554495707616,0.338603425559947,0.636828084095443,0.5,"ResNet50v2",0.79,"Soundscape - XC Pre-training"
39540,10958,8968,6590,0.584832150290868,0.549934758606845,0.624458627763848,0.450065241393155,0.375541372236152,0.607980647595375,0.5,"MobileNetv2",0.8,"Soundscape - XC Pre-training"
37731,11106,8902,5648,0.604210869920026,0.555077968812475,0.662886474871672,0.444922031187525,0.337113525128328,0.638099834528406,0.5,"ResNet101v2",0.8,"Soundscape - XC Pre-training"
37768,10920,9051,5529,0.599670510708402,0.546792849631966,0.663870144081707,0.453207150368034,0.336129855918293,0.636608485781245,0.5,"ResNet50v2",0.8,"Soundscape - XC Pre-training"
39565,10842,9131,6392,0.582793560351547,0.542832824312822,0.629105257050017,0.457167175687178,0.370894742949983,0.609724549820603,0.5,"MobileNetv2",0.81,"Soundscape - XC Pre-training"
37743,10990,9056,5520,0.601269285479812,0.548239050184576,0.665657177468201,0.451760949815425,0.334342822531799,0.638315173198894,0.5,"ResNet101v2",0.81,"Soundscape - XC Pre-training"
37935,10789,9228,5400,0.595978567088328,0.538991856921617,0.66644017542776,0.461008143078383,0.33355982457224,0.636346478241893,0.5,"ResNet50v2",0.81,"Soundscape - XC Pre-training"
39528,10712,9303,6221,0.579841940023817,0.535198601049213,0.632610878166893,0.464801398950787,0.367389121833107,0.610391238446899,0.5,"MobileNetv2",0.82,"Soundscape - XC Pre-training"
37771,10892,9188,5368,0.599449642267474,0.542430278884462,0.669864698646987,0.457569721115538,0.330135301353014,0.639802631578947,0.5,"ResNet101v2",0.82,"Soundscape - XC Pre-training"
38022,10672,9387,5263,0.592987720175585,0.532030509995513,0.669720740508315,0.467969490004487,0.330279259491685,0.636761775200181,0.5,"ResNet50v2",0.82,"Soundscape - XC Pre-training"
39651,10588,9472,6027,0.577396046353101,0.527816550348953,0.637255492025278,0.472183449651047,0.362744507974722,0.611881645862228,0.5,"MobileNetv2",0.83,"Soundscape - XC Pre-training"
37756,10767,9362,5173,0.597022373783581,0.53489989567291,0.675470514429109,0.46510010432709,0.324529485570891,0.641740871866395,0.5,"ResNet101v2",0.83,"Soundscape - XC Pre-training"
37972,10545,9550,5102,0.590062111801242,0.52475740233889,0.673931105004154,0.47524259766111,0.326068894995846,0.637676426835021,0.5,"ResNet50v2",0.83,"Soundscape - XC Pre-training"
39654,10469,9631,5815,0.57547273526825,0.520845771144279,0.642901007123557,0.479154228855721,0.357098992876443,0.614118447604299,0.5,"MobileNetv2",0.84,"Soundscape - XC Pre-training"
37798,10621,9564,5038,0.592623591117063,0.526182809016597,0.678268088639121,0.473817190983404,0.321731911360879,0.64120211057582,0.5,"ResNet101v2",0.84,"Soundscape - XC Pre-training"
37940,10415,9722,4947,0.586777092312459,0.517207131151611,0.67797161827887,0.482792868848389,0.32202838172113,0.638291352577067,0.5,"ResNet50v2",0.84,"Soundscape - XC Pre-training"
39633,10361,9769,5627,0.573730549864334,0.514704421261798,0.648048536402302,0.485295578738202,0.351951463597698,0.61612473537737,0.5,"MobileNetv2",0.85,"Soundscape - XC Pre-training"
37927,10483,9760,4856,0.58923050980833,0.517858024996295,0.683421344285807,0.482141975003705,0.316578655714193,0.642348558193115,0.5,"ResNet101v2",0.85,"Soundscape - XC Pre-training"
37945,10302,9879,4791,0.584112944378296,0.510480154600862,0.682568077916915,0.489519845399138,0.317431922083085,0.63945476890991,0.5,"ResNet50v2",0.85,"Soundscape - XC Pre-training"
39603,10235,9943,5424,0.571197365850936,0.507235603132124,0.653617727824254,0.492764396867876,0.346382272175746,0.617951071074939,0.5,"MobileNetv2",0.86,"Soundscape - XC Pre-training"
37887,10369,9903,4708,0.586664403519194,0.511493685872139,0.68773628705976,0.488506314127861,0.31226371294024,0.643397865475304,0.5,"ResNet101v2",0.86,"Soundscape - XC Pre-training"
37960,10180,10041,4660,0.580702204728901,0.503437020918847,0.685983827493261,0.496562979081153,0.314016172506739,0.639599904499818,0.5,"ResNet50v2",0.86,"Soundscape - XC Pre-training"
39622,10099,10121,5245,0.567933865706895,0.499455984174085,0.658172575599583,0.500544015825915,0.341827424400417,0.618841609882837,0.5,"MobileNetv2",0.87,"Soundscape - XC Pre-training"
37925,10245,10061,4505,0.584493382017344,0.504530680587019,0.694576271186441,0.495469319412981,0.305423728813559,0.645915819736212,0.5,"ResNet101v2",0.87,"Soundscape - XC Pre-training"
38079,10012,10267,4493,0.575666973321067,0.493712707727205,0.690244743192003,0.506287292272795,0.309755256807997,0.639344052925325,0.5,"ResNet50v2",0.87,"Soundscape - XC Pre-training"
39574,9938,10351,5057,0.563314816914182,0.489822071072995,0.662754251417139,0.510177928927005,0.337245748582861,0.619043466344417,0.5,"MobileNetv2",0.88,"Soundscape - XC Pre-training"
37935,10063,10305,4354,0.578582722437832,0.49405930871956,0.697995422071166,0.50594069128044,0.302004577928834,0.644766518017325,0.5,"ResNet101v2",0.88,"Soundscape - XC Pre-training"
38077,9883,10435,4318,0.572612184593992,0.486415985825377,0.695936905851701,0.513584014174624,0.304063094148299,0.640738051399082,0.5,"ResNet50v2",0.88,"Soundscape - XC Pre-training"
39499,9714,10636,4867,0.556182187741548,0.477346437346437,0.666209450654962,0.522653562653563,0.333790549345038,0.617357703942853,0.5,"MobileNetv2",0.89,"Soundscape - XC Pre-training"
37907,9912,10514,4223,0.573594514047626,0.485263879369431,0.701238061549346,0.514736120630569,0.298761938450654,0.643920692253722,0.5,"ResNet101v2",0.89,"Soundscape - XC Pre-training"
38106,9755,10599,4114,0.570084446132718,0.479266974550457,0.703367221861706,0.520733025449543,0.296632778138294,0.643215086377423,0.5,"ResNet50v2",0.89,"Soundscape - XC Pre-training"
39469,9562,10830,4700,0.551855485658221,0.468909376225971,0.670452951900154,0.531090623774029,0.329547048099846,0.617381198347107,0.5,"MobileNetv2",0.9,"Soundscape - XC Pre-training"
37893,9746,10727,4060,0.568628022987835,0.476041615786646,0.705924960162248,0.523958384213354,0.294075039837752,0.643750743094178,0.5,"ResNet101v2",0.9,"Soundscape - XC Pre-training"
38076,9620,10789,3944,0.566332087245754,0.471360674212357,0.709230315541138,0.528639325787643,0.290769684458862,0.644210808276971,0.5,"ResNet50v2",0.9,"Soundscape - XC Pre-training"
39406,9337,11130,4453,0.545114867034475,0.456197781795085,0.67708484408992,0.543802218204915,0.32291515591008,0.617305988601954,0.5,"MobileNetv2",0.91,"Soundscape - XC Pre-training"
37838,9553,10976,3896,0.562305020895874,0.465341711724877,0.710313034426351,0.534658288275123,0.289686965573649,0.642650521358897,0.5,"ResNet101v2",0.91,"Soundscape - XC Pre-training"
38041,9460,11006,3761,0.56164098910559,0.462230040066452,0.715528326147795,0.537769959933548,0.284471673852205,0.644853442399455,0.5,"ResNet50v2",0.91,"Soundscape - XC Pre-training"
39332,9114,11417,4185,0.538811705586757,0.443914081145585,0.685314685314685,0.556085918854415,0.314685314685315,0.618091065688282,0.5,"MobileNetv2",0.92,"Soundscape - XC Pre-training"
37815,9354,11245,3765,0.554837178954861,0.454099713578329,0.713011662474274,0.545900286421671,0.286988337525726,0.640027369141293,0.5,"ResNet101v2",0.92,"Soundscape - XC Pre-training"
37980,9266,11267,3585,0.555116223340522,0.451273559635708,0.721033382616139,0.548726440364292,0.278966617383861,0.644035753506541,0.5,"ResNet50v2",0.92,"Soundscape - XC Pre-training"
39306,8903,11705,3950,0.532141896536266,0.432016692546584,0.692678752042325,0.567983307453416,0.307321247957675,0.618092196612052,0.5,"MobileNetv2",0.93,"Soundscape - XC Pre-training"
37786,9136,11540,3581,0.54718054682119,0.441864964209712,0.718408429661084,0.558135035790288,0.281591570338916,0.638488203063849,0.5,"ResNet101v2",0.93,"Soundscape - XC Pre-training"
37947,9060,11541,3358,0.548774947757352,0.439784476481724,0.729586084715735,0.560215523518276,0.270413915284265,0.644628804804121,0.5,"ResNet50v2",0.93,"Soundscape - XC Pre-training"
39283,8650,12056,3735,0.522800761536369,0.41775330821984,0.698425514735567,0.58224669178016,0.301574485264433,0.615693420265923,0.5,"MobileNetv2",0.94,"Soundscape - XC Pre-training"
37723,8874,11889,3345,0.538111697289431,0.427394885132206,0.726246010311809,0.572605114867794,0.273753989688191,0.637142980226597,0.5,"ResNet101v2",0.94,"Soundscape - XC Pre-training"
37883,8821,11854,3148,0.540436221051342,0.426650544135429,0.736987216977191,0.573349455864571,0.263012783022809,0.643389593149626,0.5,"ResNet50v2",0.94,"Soundscape - XC Pre-training"
39235,8361,12439,3343,0.514459758798917,0.401971153846154,0.714371155160629,0.598028846153846,0.285628844839371,0.618270823473734,0.5,"MobileNetv2",0.95,"Soundscape - XC Pre-training"
37660,8575,12296,3116,0.526687549904797,0.410857170236213,0.733470190745018,0.589142829763787,0.266529809254982,0.633917350484217,0.5,"ResNet101v2",0.95,"Soundscape - XC Pre-training"
37851,8555,12187,2923,0.531036623215394,0.412448172789509,0.745338909217634,0.587551827210491,0.254661090782366,0.641746931917064,0.5,"ResNet50v2",0.95,"Soundscape - XC Pre-training"
39172,8010,12899,3036,0.501329995305899,0.383088622124444,0.725149375339489,0.616911377875556,0.274850624660511,0.61527353171616,0.5,"MobileNetv2",0.96,"Soundscape - XC Pre-training"
37629,8247,12738,2878,0.513671753347867,0.392994996426019,0.741303370786517,0.607005003573981,0.258696629213483,0.629686187676567,0.5,"ResNet101v2",0.96,"Soundscape - XC Pre-training"
37811,8244,12607,2666,0.519127231510343,0.395376720540981,0.755637030247479,0.604623279459019,0.244362969752521,0.639158952411965,0.5,"ResNet50v2",0.96,"Soundscape - XC Pre-training"
39133,7603,13446,2760,0.484082516235833,0.361204807829351,0.733667856798224,0.638795192170649,0.266332143201776,0.608230268315707,0.5,"MobileNetv2",0.97,"Soundscape - XC Pre-training"
37543,7771,13380,2612,0.492864844295047,0.367405796416245,0.748434941731677,0.632594203583755,0.251565058268323,0.619865035177002,0.5,"ResNet101v2",0.97,"Soundscape - XC Pre-training"
37780,7781,13216,2396,0.499198049656765,0.370576749059389,0.764567161245947,0.629423250940611,0.235432838754053,0.630499959484645,0.5,"ResNet50v2",0.97,"Soundscape - XC Pre-training"
39072,6955,14326,2396,0.454100287281275,0.326817348808797,0.743770719709122,0.673182651191203,0.256229280290878,0.592570503535827,0.5,"MobileNetv2",0.98,"Soundscape - XC Pre-training"
37526,7229,14109,2348,0.467669416141032,0.338785265723123,0.754829278479691,0.661214734276877,0.245170721520309,0.605992019582202,0.5,"ResNet101v2",0.98,"Soundscape - XC Pre-training"
37747,7176,14043,2087,0.470835247031035,0.338187473490739,0.774695023210623,0.661812526509261,0.225304976789377,0.615743680389902,0.5,"ResNet50v2",0.98,"Soundscape - XC Pre-training"
39111,5960,15714,1813,0.404795055523483,0.274983851619452,0.766756721986363,0.725016148380548,0.233243278013637,0.564757609066444,0.5,"MobileNetv2",0.99,"Soundscape - XC Pre-training"
37480,6182,15520,1940,0.414565450643777,0.284858538383559,0.761142575720266,0.715141461616441,0.238857424279734,0.570400442886141,0.5,"ResNet101v2",0.99,"Soundscape - XC Pre-training"
37758,6204,15383,1700,0.420738530399105,0.28739519155047,0.784919028340081,0.71260480844953,0.215080971659919,0.583049828017217,0.5,"ResNet50v2",0.99,"Soundscape - XC Pre-training"
5248,885,1841,11,0.48868028713418,0.324651504035216,0.987723214285714,0.675348495964784,0.0122767857142857,0.701267828843106,0.5,"MobileNetv2",0.65,"ROI - No XC Pre-training"
5266,952,1788,19,0.513069253570466,0.347445255474453,0.98043254376931,0.652554744525547,0.01956745623069,0.718599033816425,0.5,"ResNet101v2",0.65,"ROI - No XC Pre-training"
5233,916,1796,17,0.502606310013717,0.337758112094395,0.981779206859593,0.662241887905605,0.0182207931404073,0.710738671632526,0.5,"ResNet50v2",0.65,"ROI - No XC Pre-training"
5248,884,1842,11,0.488262910798122,0.32428466617755,0.987709497206704,0.675715333822451,0.0122905027932961,0.700919758959721,0.5,"MobileNetv2",0.66,"ROI - No XC Pre-training"
5269,947,1796,18,0.510787486515642,0.345242435289829,0.981347150259067,0.654757564710171,0.0186528497409326,0.717098288656671,0.5,"ResNet101v2",0.66,"ROI - No XC Pre-training"
5236,912,1803,17,0.500548847420417,0.335911602209945,0.981700753498385,0.664088397790055,0.0182992465016146,0.709065464157985,0.5,"ResNet50v2",0.66,"ROI - No XC Pre-training"
5248,882,1844,11,0.48742746615087,0.323550990462216,0.987681970884658,0.676449009537784,0.0123180291153415,0.700222292791362,0.5,"MobileNetv2",0.67,"ROI - No XC Pre-training"
5270,946,1798,18,0.51024811218986,0.344752186588921,0.981327800829875,0.655247813411079,0.0186721991701245,0.716666666666667,0.5,"ResNet101v2",0.67,"ROI - No XC Pre-training"
5236,910,1805,17,0.499725425590335,0.335174953959484,0.981661272923409,0.664825046040516,0.0183387270765912,0.708391717266075,0.5,"ResNet50v2",0.67,"ROI - No XC Pre-training"
5250,878,1850,11,0.485485208736522,0.321847507331378,0.987626546681665,0.678152492668622,0.0123734533183352,0.698599618077658,0.5,"MobileNetv2",0.68,"ROI - No XC Pre-training"
5271,945,1800,18,0.509708737864078,0.344262295081967,0.981308411214953,0.655737704918033,0.0186915887850467,0.716234652114598,0.5,"ResNet101v2",0.68,"ROI - No XC Pre-training"
5236,908,1807,17,0.498901098901099,0.334438305709024,0.981621621621622,0.665561694290976,0.0183783783783784,0.70771628994544,0.5,"ResNet50v2",0.68,"ROI - No XC Pre-training"
5250,876,1852,11,0.484647302904564,0.321114369501466,0.987598647125141,0.678885630498534,0.0124013528748591,0.697896749521988,0.5,"MobileNetv2",0.69,"ROI - No XC Pre-training"
5273,942,1805,18,0.508227677367143,0.342919548598471,0.98125,0.657080451401529,0.01875,0.715044785182936,0.5,"ResNet101v2",0.69,"ROI - No XC Pre-training"
5241,900,1820,17,0.494913390156723,0.330882352941176,0.981461286804798,0.669117647058823,0.0185387131952017,0.704445835942392,0.5,"ResNet50v2",0.69,"ROI - No XC Pre-training"
5254,872,1860,11,0.482434301521438,0.319180087847731,0.987542468856172,0.680819912152269,0.0124575311438279,0.696040868454662,0.5,"MobileNetv2",0.7,"ROI - No XC Pre-training"
5276,939,1811,18,0.506609117885082,0.341454545454545,0.981191222570533,0.658545454545455,0.0188087774294671,0.71374277896017,0.5,"ResNet101v2",0.7,"ROI - No XC Pre-training"
5243,896,1826,17,0.492984869325997,0.329169728141073,0.981380065717415,0.670830271858927,0.0186199342825849,0.702855349858801,0.5,"ResNet50v2",0.7,"ROI - No XC Pre-training"
5257,869,1866,11,0.480774550484094,0.317733089579525,0.9875,0.682266910420475,0.0125,0.694644284572342,0.5,"MobileNetv2",0.71,"ROI - No XC Pre-training"
5278,933,1819,18,0.503915743991358,0.339026162790698,0.981072555205047,0.660973837209302,0.0189274447949527,0.711561928004881,0.5,"ResNet101v2",0.71,"ROI - No XC Pre-training"
5244,893,1830,17,0.491604734379301,0.327947117150202,0.981318681318681,0.672052882849798,0.0186813186813187,0.701713028445702,0.5,"ResNet50v2",0.71,"ROI - No XC Pre-training"
5258,867,1869,11,0.479800774764804,0.316885964912281,0.9874715261959,0.683114035087719,0.0125284738041002,0.693822023047375,0.5,"MobileNetv2",0.72,"ROI - No XC Pre-training"
5279,930,1823,18,0.502566873817887,0.337813294587722,0.981012658227848,0.662186705412278,0.0189873417721519,0.710466004583652,0.5,"ResNet101v2",0.72,"ROI - No XC Pre-training"
5246,891,1833,15,0.490909090909091,0.327092511013216,0.983443708609272,0.672907488986784,0.0165562913907285,0.70179584120983,0.5,"ResNet50v2",0.72,"ROI - No XC Pre-training"
5259,865,1872,11,0.478826460005536,0.316039459261966,0.987442922374429,0.683960540738034,0.0125570776255708,0.692997917000481,0.5,"MobileNetv2",0.73,"ROI - No XC Pre-training"
5281,928,1827,18,0.501486084841935,0.336842105263158,0.980972515856237,0.663157894736842,0.0190274841437632,0.709588622113473,0.5,"ResNet101v2",0.73,"ROI - No XC Pre-training"
5247,888,1837,15,0.489525909592062,0.325871559633027,0.983388704318937,0.674128440366973,0.0166112956810631,0.700646993845668,0.5,"ResNet50v2",0.73,"ROI - No XC Pre-training"
5260,862,1876,11,0.477430074771532,0.314828341855369,0.987399770904926,0.685171658144631,0.0126002290950745,0.691813804173355,0.5,"MobileNetv2",0.74,"ROI - No XC Pre-training"
5285,924,1835,18,0.49932450689003,0.334903950706778,0.980891719745223,0.665096049293222,0.0191082802547771,0.70782901792554,0.5,"ResNet101v2",0.74,"ROI - No XC Pre-training"
5250,885,1842,14,0.488141202426917,0.324532453245325,0.984427141268076,0.675467546754675,0.0155728587319244,0.699826031946861,0.5,"ResNet50v2",0.74,"ROI - No XC Pre-training"
5263,857,1884,11,0.474923801607093,0.312659613279825,0.987327188940092,0.687340386720175,0.0126728110599078,0.689682922903589,0.5,"MobileNetv2",0.75,"ROI - No XC Pre-training"
5288,917,1845,17,0.496212121212121,0.332005792903693,0.981798715203426,0.667994207096307,0.0182012847965739,0.705601723607264,0.5,"ResNet101v2",0.75,"ROI - No XC Pre-training"
5251,883,1845,14,0.487172413793103,0.323680351906158,0.984392419175028,0.676319648093842,0.0156075808249721,0.699018366054465,0.5,"ResNet50v2",0.75,"ROI - No XC Pre-training"
5264,856,1886,11,0.474369631476863,0.312180889861415,0.987312572087659,0.687819110138585,0.0126874279123414,0.689210950080515,0.5,"MobileNetv2",0.76,"ROI - No XC Pre-training"
5288,916,1846,17,0.495805142083897,0.331643736422882,0.981779206859593,0.668356263577118,0.0182207931404073,0.705266399753619,0.5,"ResNet101v2",0.76,"ROI - No XC Pre-training"
5254,879,1852,14,0.485099337748344,0.321860124496521,0.984322508398656,0.678139875503479,0.0156774916013438,0.69728700618753,0.5,"ResNet50v2",0.76,"ROI - No XC Pre-training"
5268,851,1895,11,0.471729490022173,0.309905316824472,0.987238979118329,0.690094683175528,0.0127610208816705,0.68695511785599,0.5,"MobileNetv2",0.77,"ROI - No XC Pre-training"
5289,913,1850,17,0.494448957487138,0.330437929786464,0.981720430107527,0.669562070213536,0.0182795698924731,0.704149313589387,0.5,"ResNet101v2",0.77,"ROI - No XC Pre-training"
5255,875,1857,14,0.483291908312621,0.320278184480234,0.984251968503937,0.679721815519766,0.015748031496063,0.695769720101781,0.5,"ResNet50v2",0.77,"ROI - No XC Pre-training"
5270,846,1902,11,0.469348127600555,0.307860262008734,0.987164527421237,0.692139737991266,0.0128354725787631,0.684909326424871,0.5,"MobileNetv2",0.78,"ROI - No XC Pre-training"
5291,910,1855,17,0.492957746478873,0.329113924050633,0.981661272923409,0.670886075949367,0.0183387270765912,0.702919820794068,0.5,"ResNet101v2",0.78,"ROI - No XC Pre-training"
5258,870,1865,14,0.480795799944736,0.318098720292505,0.984162895927602,0.681901279707495,0.0158371040723982,0.693669271248605,0.5,"ResNet50v2",0.78,"ROI - No XC Pre-training"
5270,843,1905,11,0.468073292615214,0.306768558951965,0.98711943793911,0.693231441048035,0.0128805620608899,0.683809214795587,0.5,"MobileNetv2",0.79,"ROI - No XC Pre-training"
5292,905,1861,17,0.490780911062907,0.327187274041938,0.981561822125813,0.672812725958062,0.0184381778741865,0.701115587232724,0.5,"ResNet101v2",0.79,"ROI - No XC Pre-training"
5262,864,1875,14,0.477743986729334,0.315443592552026,0.984054669703872,0.684556407447974,0.0159453302961276,0.691089425691889,0.5,"ResNet50v2",0.79,"ROI - No XC Pre-training"
5272,835,1915,11,0.46440489432703,0.303636363636364,0.986997635933806,0.696363636363636,0.0130023640661939,0.680632539941311,0.5,"MobileNetv2",0.8,"ROI - No XC Pre-training"
5296,900,1870,17,0.48820179007323,0.324909747292419,0.981461286804798,0.675090252707581,0.0185387131952017,0.698974836905871,0.5,"ResNet101v2",0.8,"ROI - No XC Pre-training"
5263,862,1878,14,0.476769911504425,0.314598540145985,0.984018264840183,0.685401459854015,0.0159817351598174,0.69026265214606,0.5,"ResNet50v2",0.8,"ROI - No XC Pre-training"
5274,829,1923,11,0.461581291759466,0.301235465116279,0.986904761904762,0.698764534883721,0.0130952380952381,0.678174083769634,0.5,"MobileNetv2",0.81,"ROI - No XC Pre-training"
5297,897,1874,17,0.486838534599729,0.323709852038975,0.981400437636761,0.676290147961025,0.0185995623632385,0.697837249105337,0.5,"ResNet101v2",0.81,"ROI - No XC Pre-training"
5265,855,1887,14,0.473553032400997,0.311816192560175,0.983889528193326,0.688183807439825,0.0161104718066743,0.687520102926986,0.5,"ResNet50v2",0.81,"ROI - No XC Pre-training"
5276,827,1927,11,0.460467706013363,0.300290486564996,0.986873508353222,0.699709513435004,0.013126491646778,0.677202751392074,0.5,"MobileNetv2",0.82,"ROI - No XC Pre-training"
5299,894,1879,17,0.485342019543974,0.322394518571944,0.981339187705818,0.677605481428056,0.0186608122941822,0.69658719027583,0.5,"ResNet101v2",0.82,"ROI - No XC Pre-training"
5272,845,1903,13,0.468663338879645,0.307496360989811,0.984848484848485,0.692503639010189,0.0151515151515152,0.683656957928803,0.5,"ResNet50v2",0.82,"ROI - No XC Pre-training"
5279,823,1934,11,0.458368142578669,0.298512876314835,0.986810551558753,0.701487123685165,0.013189448441247,0.675365173149516,0.5,"MobileNetv2",0.83,"ROI - No XC Pre-training"
5300,893,1880,16,0.485062466051059,0.322033898305085,0.982398239823982,0.677966101694915,0.0176017601760176,0.696676548603526,0.5,"ResNet101v2",0.83,"ROI - No XC Pre-training"
5277,839,1914,13,0.465464632454924,0.304758445332365,0.984741784037559,0.695241554667635,0.0152582159624413,0.680895958448304,0.5,"ResNet50v2",0.83,"ROI - No XC Pre-training"
5279,815,1942,11,0.454926039631594,0.295611171563293,0.986682808716707,0.704388828436707,0.013317191283293,0.6723312984656,0.5,"MobileNetv2",0.84,"ROI - No XC Pre-training"
5307,883,1897,16,0.480021745039413,0.317625899280576,0.982202447163515,0.682374100719425,0.017797552836485,0.692440401505646,0.5,"ResNet101v2",0.84,"ROI - No XC Pre-training"
5282,834,1923,12,0.462947543713572,0.302502720348205,0.985815602836879,0.697497279651795,0.0141843971631206,0.679042501221299,0.5,"ResNet50v2",0.84,"ROI - No XC Pre-training"
5282,808,1952,10,0.451648965902739,0.292753623188406,0.987775061124694,0.707246376811594,0.0122249388753056,0.669761273209549,0.5,"MobileNetv2",0.85,"ROI - No XC Pre-training"
5310,879,1904,16,0.477977161500816,0.315846209126842,0.982122905027933,0.684153790873158,0.017877094972067,0.690711928335691,0.5,"ResNet101v2",0.85,"ROI - No XC Pre-training"
5284,832,1927,12,0.461837357757424,0.301558535701341,0.985781990521327,0.698441464298659,0.014218009478673,0.678076609616952,0.5,"ResNet50v2",0.85,"ROI - No XC Pre-training"
5284,803,1959,10,0.449230769230769,0.290731354091238,0.98769987699877,0.709268645908762,0.01230012300123,0.667608912537413,0.5,"MobileNetv2",0.86,"ROI - No XC Pre-training"
5311,877,1907,15,0.47714907508161,0.315014367816092,0.983183856502242,0.684985632183908,0.0168161434977578,0.690333753148615,0.5,"ResNet101v2",0.86,"ROI - No XC Pre-training"
5287,829,1933,12,0.460172078823203,0.300144822592324,0.985731272294887,0.699855177407676,0.014268727705113,0.676624224616389,0.5,"ResNet50v2",0.86,"ROI - No XC Pre-training"
5286,797,1967,10,0.446373564827779,0.2883502170767,0.987608426270136,0.7116497829233,0.0123915737298637,0.665053404539386,0.5,"MobileNetv2",0.87,"ROI - No XC Pre-training"
5312,872,1913,15,0.474945533769063,0.31310592459605,0.983089064261556,0.68689407540395,0.0169109357384442,0.688457287225643,0.5,"ResNet101v2",0.87,"ROI - No XC Pre-training"
5294,821,1948,12,0.455857856746252,0.296496930299747,0.985594237695078,0.703503069700253,0.014405762304922,0.672840517947877,0.5,"ResNet50v2",0.87,"ROI - No XC Pre-training"
5288,789,1977,9,0.442760942760943,0.285249457700651,0.988721804511278,0.714750542299349,0.0112781954887218,0.662134944612286,0.5,"MobileNetv2",0.88,"ROI - No XC Pre-training"
5317,865,1925,15,0.471389645776567,0.310035842293907,0.982954545454545,0.689964157706093,0.0170454545454545,0.685419968304279,0.5,"ResNet101v2",0.88,"ROI - No XC Pre-training"
5298,812,1961,12,0.451487350569919,0.292823656689506,0.985436893203884,0.707176343310494,0.0145631067961165,0.668973471741638,0.5,"ResNet50v2",0.88,"ROI - No XC Pre-training"
5291,783,1986,9,0.439764111204718,0.282773564463705,0.988636363636364,0.717226435536295,0.0113636363636364,0.659423951490652,0.5,"MobileNetv2",0.89,"ROI - No XC Pre-training"
5322,855,1940,15,0.466575716234652,0.305903398926655,0.982758620689655,0.694096601073345,0.0172413793103448,0.681274900398406,0.5,"ResNet101v2",0.89,"ROI - No XC Pre-training"
5303,805,1973,12,0.447844228094576,0.289776817854572,0.98531211750306,0.710223182145428,0.01468788249694,0.665729407872974,0.5,"ResNet50v2",0.89,"ROI - No XC Pre-training"
5298,773,2003,9,0.4345137717819,0.278458213256484,0.98849104859335,0.721541786743516,0.0115089514066496,0.654640921409214,0.5,"MobileNetv2",0.9,"ROI - No XC Pre-training"
5327,849,1951,15,0.463427947598253,0.303214285714286,0.982638888888889,0.696785714285714,0.0173611111111111,0.678548593350384,0.5,"ResNet101v2",0.9,"ROI - No XC Pre-training"
5311,792,1994,12,0.441225626740947,0.284278535534817,0.985074626865672,0.715721464465183,0.0149253731343284,0.659780073308897,0.5,"ResNet50v2",0.9,"ROI - No XC Pre-training"
5302,762,2018,9,0.429174880315404,0.27410071942446,0.988326848249027,0.72589928057554,0.0116731517509728,0.649727148703956,0.5,"MobileNetv2",0.91,"ROI - No XC Pre-training"
5332,841,1964,15,0.459437312209779,0.29982174688057,0.982476635514019,0.70017825311943,0.0175233644859813,0.675068229250281,0.5,"ResNet101v2",0.91,"ROI - No XC Pre-training"
5314,788,2000,11,0.439364371340953,0.282639885222382,0.986232790988736,0.717360114777618,0.0137672090112641,0.658422459893048,0.5,"ResNet50v2",0.91,"ROI - No XC Pre-training"
5306,756,2028,9,0.42603550295858,0.271551724137931,0.988235294117647,0.728448275862069,0.0117647058823529,0.646817248459959,0.5,"MobileNetv2",0.92,"ROI - No XC Pre-training"
5341,825,1989,15,0.451559934318555,0.29317697228145,0.982142857142857,0.70682302771855,0.0178571428571429,0.668124392614188,0.5,"ResNet101v2",0.92,"ROI - No XC Pre-training"
5320,777,2017,11,0.433835845896147,0.278095919828203,0.986040609137056,0.721904080171797,0.0139593908629442,0.653380423814329,0.5,"ResNet50v2",0.92,"ROI - No XC Pre-training"
5310,745,2043,9,0.420666290231508,0.267216642754663,0.988063660477454,0.732783357245337,0.0119363395225464,0.641798759476223,0.5,"MobileNetv2",0.93,"ROI - No XC Pre-training"
5348,814,2007,14,0.446149630035626,0.288550159517901,0.983091787439614,0.711449840482099,0.0169082125603865,0.66362302299038,0.5,"ResNet101v2",0.93,"ROI - No XC Pre-training"
5324,772,2026,11,0.431164479195755,0.275911365260901,0.985951468710089,0.724088634739099,0.0140485312899106,0.650927487352445,0.5,"ResNet50v2",0.93,"ROI - No XC Pre-training"
5319,732,2065,9,0.413793103448276,0.261708973900608,0.987854251012146,0.738291026099392,0.0121457489878543,0.635306370421802,0.5,"MobileNetv2",0.94,"ROI - No XC Pre-training"
5357,803,2027,14,0.440361941321634,0.283745583038869,0.982864137086903,0.716254416961131,0.0171358629130967,0.658412594293211,0.5,"ResNet101v2",0.94,"ROI - No XC Pre-training"
5333,763,2042,9,0.426614481409002,0.272014260249554,0.988341968911917,0.727985739750446,0.0116580310880829,0.64737824537587,0.5,"ResNet50v2",0.94,"ROI - No XC Pre-training"
5326,717,2087,9,0.406232294617564,0.255706134094151,0.987603305785124,0.744293865905849,0.012396694214876,0.628065872459706,0.5,"MobileNetv2",0.95,"ROI - No XC Pre-training"
5368,783,2058,13,0.430574649436349,0.275607180570222,0.983668341708543,0.724392819429778,0.0163316582914573,0.649792531120332,0.5,"ResNet101v2",0.95,"ROI - No XC Pre-training"
5345,745,2072,9,0.417250070008401,0.264465743698971,0.988063660477454,0.735534256301029,0.0119363395225464,0.638607920452597,0.5,"ResNet50v2",0.95,"ROI - No XC Pre-training"
5337,698,2117,9,0.396365701306076,0.247957371225577,0.987270155586987,0.752042628774423,0.0127298444130127,0.61846535530746,0.5,"MobileNetv2",0.96,"ROI - No XC Pre-training"
5378,766,2085,13,0.422038567493113,0.268677656962469,0.983311938382542,0.731322343037531,0.0166880616174583,0.641863583040054,0.5,"ResNet101v2",0.96,"ROI - No XC Pre-training"
5359,724,2106,8,0.406513194834363,0.25583038869258,0.989071038251366,0.744169611307421,0.0109289617486339,0.628690517540813,0.5,"ResNet50v2",0.96,"ROI - No XC Pre-training"
5353,674,2157,9,0.383608423449061,0.238078417520311,0.986822840409956,0.761921582479689,0.0131771595900439,0.60578824375337,0.5,"MobileNetv2",0.97,"ROI - No XC Pre-training"
5394,746,2119,11,0.411927112092766,0.260383944153578,0.985468956406869,0.739616055846422,0.0145310435931308,0.632954352621755,0.5,"ResNet101v2",0.97,"ROI - No XC Pre-training"
5368,706,2133,8,0.397410638896707,0.248679112363508,0.988795518207283,0.751320887636492,0.0112044817927171,0.619841966637401,0.5,"ResNet50v2",0.97,"ROI - No XC Pre-training"
5375,641,2211,8,0.366181091116824,0.224754558204769,0.987673343605547,0.775245441795231,0.012326656394453,0.588289280469897,0.5,"MobileNetv2",0.98,"ROI - No XC Pre-training"
5414,711,2174,11,0.394233434987524,0.246447140381282,0.984764542936288,0.753552859618718,0.0152354570637119,0.615797678849818,0.5,"ResNet101v2",0.98,"ROI - No XC Pre-training"
5380,687,2164,8,0.387478849407783,0.240968081374956,0.988489208633094,0.759031918625044,0.0115107913669065,0.610015982951518,0.5,"ResNet50v2",0.98,"ROI - No XC Pre-training"
5411,586,2301,7,0.336781609195402,0.202978870800139,0.988195615514334,0.797021129199861,0.0118043844856661,0.557140140711162,0.5,"MobileNetv2",0.99,"ROI - No XC Pre-training"
5440,661,2250,11,0.368964554842311,0.227069735486087,0.983630952380952,0.772930264513913,0.0163690476190476,0.590283979282015,0.5,"ResNet101v2",0.99,"ROI - No XC Pre-training"
5410,640,2241,7,0.36281179138322,0.222145088510934,0.989180834621329,0.777854911489066,0.0108191653786708,0.585116108977875,0.5,"ResNet50v2",0.99,"ROI - No XC Pre-training"
5345,1186,1634,17,0.58960974397216,0.420567375886525,0.985868661679135,0.579432624113475,0.0141313383208645,0.776991614255765,0.5,"ResNet50v2",0.65,"ROI - XC Pre-training"
5340,1164,1654,13,0.582728410513141,0.41305890702626,0.988954970263382,0.58694109297374,0.0110450297366185,0.773319160244486,0.5,"MobileNetv2",0.65,"ROI - XC Pre-training"
5385,1229,1627,25,0.598053527980535,0.430322128851541,0.98006379585327,0.569677871148459,0.0199362041467305,0.780614837398374,0.5,"ResNet101v2",0.65,"ROI - XC Pre-training"
5352,1174,1653,16,0.584515807816779,0.415281216837637,0.98655462184874,0.584718783162363,0.0134453781512605,0.7736918413075,0.5,"ResNet50v2",0.66,"ROI - XC Pre-training"
5342,1161,1659,13,0.581372058087131,0.411702127659574,0.988926746166951,0.588297872340426,0.0110732538330494,0.772352315061203,0.5,"MobileNetv2",0.66,"ROI - XC Pre-training"
5389,1225,1635,25,0.596107055961071,0.428321678321678,0.98,0.571678321678322,0.02,0.779262086513995,0.5,"ResNet101v2",0.66,"ROI - XC Pre-training"
5357,1166,1666,16,0.580966616841056,0.411723163841808,0.986463620981388,0.588276836158192,0.0135363790186125,0.771164021164021,0.5,"ResNet50v2",0.67,"ROI - XC Pre-training"
5344,1159,1662,12,0.580661322645291,0.41084721729883,0.989752348420154,0.58915278270117,0.0102476515798463,0.772151898734177,0.5,"MobileNetv2",0.67,"ROI - XC Pre-training"
5389,1224,1636,25,0.595765393039669,0.427972027972028,0.979983987189752,0.572027972027972,0.0200160128102482,0.779022403258656,0.5,"ResNet101v2",0.67,"ROI - XC Pre-training"
5358,1163,1670,16,0.579760717846461,0.410518884574656,0.986429177268872,0.589481115425344,0.0135708227311281,0.770300702079746,0.5,"ResNet50v2",0.68,"ROI - XC Pre-training"
5350,1152,1675,12,0.577298922575796,0.407499115670322,0.989690721649485,0.592500884329678,0.0103092783505155,0.769744754777496,0.5,"MobileNetv2",0.68,"ROI - XC Pre-training"
5392,1216,1647,25,0.592592592592593,0.424729304924904,0.979854955680903,0.575270695075096,0.0201450443190975,0.776798262424939,0.5,"ResNet101v2",0.68,"ROI - XC Pre-training"
5365,1151,1688,15,0.57478152309613,0.405424445227193,0.987135506003431,0.594575554772807,0.0128644939965695,0.767026522724244,0.5,"ResNet50v2",0.69,"ROI - XC Pre-training"
5352,1147,1682,12,0.575225677031093,0.405443619653588,0.989646246764452,0.594556380346412,0.0103537532355479,0.768251841929002,0.5,"MobileNetv2",0.69,"ROI - XC Pre-training"
5400,1207,1664,25,0.588349987813795,0.420411006617903,0.979707792207792,0.579588993382097,0.0202922077922078,0.773817156045647,0.5,"ResNet101v2",0.69,"ROI - XC Pre-training"
5365,1147,1692,15,0.573356660834791,0.404015498414935,0.987091222030981,0.595984501585065,0.0129087779690189,0.765994390276479,0.5,"ResNet50v2",0.7,"ROI - XC Pre-training"
5356,1142,1691,12,0.572861800852771,0.403106247793858,0.989601386481802,0.596893752206142,0.0103986135181976,0.766545845079877,0.5,"MobileNetv2",0.7,"ROI - XC Pre-training"
5402,1203,1670,25,0.586686174103877,0.418726070309781,0.979641693811075,0.581273929690219,0.0203583061889251,0.772639691714836,0.5,"ResNet101v2",0.7,"ROI - XC Pre-training"
5371,1139,1706,15,0.569642410602651,0.400351493848858,0.987001733102253,0.599648506151142,0.012998266897747,0.763302506366439,0.5,"ResNet50v2",0.71,"ROI - XC Pre-training"
5362,1133,1706,12,0.568775100401607,0.399084184572032,0.989519650655022,0.600915815427968,0.0104803493449782,0.763579997304219,0.5,"MobileNetv2",0.71,"ROI - XC Pre-training"
5408,1194,1685,25,0.582723279648609,0.414727335880514,0.979491386382281,0.585272664119486,0.0205086136177194,0.769825918762089,0.5,"ResNet101v2",0.71,"ROI - XC Pre-training"
5376,1133,1716,14,0.567067067067067,0.397683397683398,0.987794245858762,0.602316602316602,0.012205754141238,0.761731881134866,0.5,"ResNet50v2",0.72,"ROI - XC Pre-training"
5364,1129,1712,12,0.567051732797589,0.397395283350933,0.989482909728309,0.602604716649067,0.0105170902716915,0.762322754895341,0.5,"MobileNetv2",0.72,"ROI - XC Pre-training"
5411,1191,1691,24,0.581401025140347,0.413254684247051,0.980246913580247,0.586745315752949,0.0197530864197531,0.769181090157582,0.5,"ResNet101v2",0.72,"ROI - XC Pre-training"
5381,1127,1726,13,0.564487853744052,0.395022783035401,0.98859649122807,0.604977216964599,0.0114035087719298,0.760151085930123,0.5,"ResNet50v2",0.73,"ROI - XC Pre-training"
5365,1126,1716,12,0.565829145728643,0.396199859254046,0.989455184534271,0.603800140745954,0.0105448154657293,0.761428185014877,0.5,"MobileNetv2",0.73,"ROI - XC Pre-training"
5417,1180,1708,24,0.576735092864125,0.408587257617729,0.980066445182724,0.591412742382271,0.0199335548172757,0.765835929387331,0.5,"ResNet101v2",0.73,"ROI - XC Pre-training"
5383,1121,1734,13,0.562045625470043,0.392644483362522,0.988536155202822,0.607355516637478,0.0114638447971781,0.758354755784062,0.5,"ResNet50v2",0.74,"ROI - XC Pre-training"
5367,1121,1723,12,0.563741513703797,0.394163150492264,0.989408649602824,0.605836849507736,0.0105913503971756,0.759896963123644,0.5,"MobileNetv2",0.74,"ROI - XC Pre-training"
5420,1175,1716,24,0.574572127139364,0.406433759944656,0.979983319432861,0.593566240055344,0.0200166805671393,0.764277351372447,0.5,"ResNet101v2",0.74,"ROI - XC Pre-training"
5387,1116,1743,13,0.559679037111334,0.390346274921301,0.988485385296723,0.609653725078699,0.0115146147032772,0.756610169491525,0.5,"ResNet50v2",0.75,"ROI - XC Pre-training"
5372,1115,1734,12,0.560865191146881,0.391365391365391,0.989352262644188,0.608634608634609,0.0106477373558119,0.757781704499117,0.5,"MobileNetv2",0.75,"ROI - XC Pre-training"
5425,1167,1728,23,0.571358629130967,0.403108808290155,0.980672268907563,0.596891191709845,0.019327731092437,0.762246897452645,0.5,"ResNet101v2",0.75,"ROI - XC Pre-training"
5390,1111,1751,13,0.557451078775715,0.388190076869322,0.988434163701068,0.611809923130678,0.0115658362989324,0.754960587116064,0.5,"ResNet50v2",0.76,"ROI - XC Pre-training"
5376,1103,1750,12,0.555947580645161,0.386610585348756,0.989237668161435,0.613389414651244,0.010762331838565,0.754136469301244,0.5,"MobileNetv2",0.76,"ROI - XC Pre-training"
5426,1162,1734,23,0.569468267581475,0.401243093922652,0.980590717299578,0.598756906077348,0.0194092827004219,0.760869565217391,0.5,"ResNet101v2",0.76,"ROI - XC Pre-training"
5396,1104,1764,13,0.554077791718946,0.384937238493724,0.988361683079678,0.615062761506276,0.0116383169203223,0.752453653217012,0.5,"ResNet50v2",0.77,"ROI - XC Pre-training"
5381,1097,1761,12,0.553062767834636,0.383834849545136,0.989179440937782,0.616165150454864,0.0108205590622182,0.751987935289279,0.5,"MobileNetv2",0.77,"ROI - XC Pre-training"
5429,1151,1748,23,0.565185367051314,0.397033459813729,0.980408858603066,0.602966540186271,0.0195911413969336,0.757735352205398,0.5,"ResNet101v2",0.77,"ROI - XC Pre-training"
5399,1097,1773,12,0.551394822819804,0.382229965156794,0.989179440937782,0.617770034843206,0.0108205590622182,0.750752805912948,0.5,"ResNet50v2",0.78,"ROI - XC Pre-training"
5385,1091,1771,12,0.55031525851198,0.381201956673655,0.989120580235721,0.618798043326345,0.0108794197642792,0.749931262029145,0.5,"MobileNetv2",0.78,"ROI - XC Pre-training"
5432,1141,1761,23,0.561239547466798,0.393177119228119,0.980240549828179,0.606822880771882,0.0197594501718213,0.754829319925906,0.5,"ResNet101v2",0.78,"ROI - XC Pre-training"
5404,1089,1786,12,0.547786720321932,0.378782608695652,0.989100817438692,0.621217391304348,0.0108991825613079,0.748042313504602,0.5,"ResNet50v2",0.79,"ROI - XC Pre-training"
5390,1081,1786,12,0.545959595959596,0.377049180327869,0.989021043000915,0.622950819672131,0.0109789569990851,0.746650089791408,0.5,"MobileNetv2",0.79,"ROI - XC Pre-training"
5435,1133,1771,21,0.558403154263184,0.390151515151515,0.981802426343154,0.609848484848485,0.0181975736568458,0.753324468085106,0.5,"ResNet101v2",0.79,"ROI - XC Pre-training"
5405,1084,1792,12,0.545820745216516,0.376912378303199,0.989051094890511,0.623087621696801,0.0109489051094891,0.746556473829201,0.5,"ResNet50v2",0.8,"ROI - XC Pre-training"
5394,1072,1799,12,0.542098609355247,0.373389063044235,0.988929889298893,0.626610936955765,0.011070110701107,0.743721381989732,0.5,"MobileNetv2",0.8,"ROI - XC Pre-training"
5440,1127,1782,21,0.555582943061375,0.387418356823651,0.981707317073171,0.612581643176349,0.0182926829268293,0.751233168910812,0.5,"ResNet101v2",0.8,"ROI - XC Pre-training"
5412,1073,1810,12,0.540826612903226,0.372181755116198,0.988940092165899,0.627818244883802,0.0110599078341014,0.742766163643915,0.5,"ResNet50v2",0.81,"ROI - XC Pre-training"
5398,1065,1810,12,0.538967611336032,0.370434782608696,0.988857938718663,0.629565217391304,0.011142061281337,0.741333704580259,0.5,"MobileNetv2",0.81,"ROI - XC Pre-training"
5442,1120,1791,21,0.552813425468904,0.384747509446925,0.98159509202454,0.615252490553075,0.0184049079754601,0.749163879598662,0.5,"ResNet101v2",0.81,"ROI - XC Pre-training"
5420,1063,1828,12,0.536056480080686,0.367692839847804,0.988837209302326,0.632307160152196,0.0111627906976744,0.73911834237241,0.5,"ResNet50v2",0.82,"ROI - XC Pre-training"
5402,1058,1821,12,0.535831856166118,0.36748871135811,0.988785046728972,0.63251128864189,0.011214953271028,0.738930018158961,0.5,"MobileNetv2",0.82,"ROI - XC Pre-training"
5448,1111,1805,20,0.549048678033111,0.381001371742112,0.982316534040672,0.618998628257888,0.017683465959328,0.746639784946237,0.5,"ResNet101v2",0.82,"ROI - XC Pre-training"
5424,1053,1842,11,0.531952513260924,0.363730569948187,0.989661654135338,0.636269430051813,0.0103383458646617,0.736260662844357,0.5,"ResNet50v2",0.83,"ROI - XC Pre-training"
5406,1052,1831,12,0.533063085888016,0.364897676031911,0.988721804511278,0.635102323968089,0.0112781954887218,0.736797870850259,0.5,"MobileNetv2",0.83,"ROI - XC Pre-training"
5454,1099,1823,20,0.543924771096263,0.376112251882272,0.982126899016979,0.623887748117728,0.0178731009830206,0.742768315761017,0.5,"ResNet101v2",0.83,"ROI - XC Pre-training"
5427,1046,1852,11,0.528950695322377,0.360938578329883,0.989593188268685,0.639061421670117,0.010406811731315,0.733932079708111,0.5,"ResNet50v2",0.84,"ROI - XC Pre-training"
5414,1038,1853,11,0.526903553299492,0.35904531304047,0.989513822688275,0.64095468695953,0.0104861773117255,0.732326795541132,0.5,"MobileNetv2",0.84,"ROI - XC Pre-training"
5459,1090,1837,20,0.540004954173891,0.372394943628288,0.981981981981982,0.627605056371712,0.018018018018018,0.739785530066513,0.5,"ResNet101v2",0.84,"ROI - XC Pre-training"
5435,1033,1873,11,0.523037974683544,0.355471438403304,0.989463601532567,0.644528561596696,0.010536398467433,0.729313753177069,0.5,"ResNet50v2",0.85,"ROI - XC Pre-training"
5423,1025,1875,11,0.520833333333333,0.353448275862069,0.989382239382239,0.646551724137931,0.0106177606177606,0.727569562748438,0.5,"MobileNetv2",0.85,"ROI - XC Pre-training"
5462,1085,1845,20,0.537794299876084,0.370307167235495,0.981900452488688,0.629692832764505,0.0180995475113122,0.738095238095238,0.5,"ResNet101v2",0.85,"ROI - XC Pre-training"
5441,1022,1890,11,0.518124207858048,0.350961538461538,0.989351403678606,0.649038461538462,0.010648596321394,0.725440090857467,0.5,"ResNet50v2",0.86,"ROI - XC Pre-training"
5428,1016,1889,11,0.516785350966429,0.34974182444062,0.989289191820837,0.65025817555938,0.0107108081791626,0.724369028946243,0.5,"MobileNetv2",0.86,"ROI - XC Pre-training"
5465,1079,1854,20,0.535218253968254,0.367882713944766,0.981801637852593,0.632117286055234,0.0181983621474067,0.736116796288716,0.5,"ResNet101v2",0.86,"ROI - XC Pre-training"
5445,1013,1903,11,0.514213197969543,0.347393689986283,0.9892578125,0.652606310013717,0.0107421875,0.722333143183115,0.5,"ResNet50v2",0.87,"ROI - XC Pre-training"
5436,1004,1909,11,0.511201629327902,0.344661860624785,0.989162561576355,0.655338139375215,0.0108374384236453,0.719919690233759,0.5,"MobileNetv2",0.87,"ROI - XC Pre-training"
5471,1069,1870,20,0.530784508440914,0.363729159578088,0.981634527089073,0.636270840421912,0.0183654729109275,0.732693625771076,0.5,"ResNet101v2",0.87,"ROI - XC Pre-training"
5449,1007,1913,11,0.511427120365668,0.34486301369863,0.989194499017682,0.65513698630137,0.0108055009823183,0.720108695652174,0.5,"ResNet50v2",0.88,"ROI - XC Pre-training"
5444,994,1927,11,0.506367804381049,0.340294419719274,0.989054726368159,0.659705580280726,0.0109452736318408,0.716035153436104,0.5,"MobileNetv2",0.88,"ROI - XC Pre-training"
5476,1060,1884,19,0.526969922943077,0.360054347826087,0.982391102873031,0.639945652173913,0.0176088971269694,0.730027548209366,0.5,"ResNet101v2",0.88,"ROI - XC Pre-training"
5455,997,1929,11,0.506863243518048,0.340738209159262,0.989087301587302,0.659261790840738,0.0109126984126984,0.716441506179937,0.5,"ResNet50v2",0.89,"ROI - XC Pre-training"
5454,981,1949,10,0.500382555470543,0.33481228668942,0.989909182643794,0.66518771331058,0.0100908173562059,0.711488250652742,0.5,"MobileNetv2",0.89,"ROI - XC Pre-training"
5484,1048,1902,17,0.522042341220423,0.355254237288136,0.984037558685446,0.644745762711864,0.015962441314554,0.726768377253814,0.5,"ResNet101v2",0.89,"ROI - XC Pre-training"
5466,979,1958,11,0.49859943977591,0.333333333333333,0.988888888888889,0.666666666666667,0.0111111111111111,0.709728867623605,0.5,"ResNet50v2",0.9,"ROI - XC Pre-training"
5463,968,1970,9,0.494508301404853,0.329475833900613,0.99078812691914,0.670524166099387,0.00921187308085977,0.706982179374817,0.5,"MobileNetv2",0.9,"ROI - XC Pre-training"
5496,1033,1928,16,0.515211970074813,0.34886862546437,0.984747378455672,0.65113137453563,0.0152526215443279,0.721671091239346,0.5,"ResNet101v2",0.9,"ROI - XC Pre-training"
5478,959,1990,11,0.489410563919367,0.32519498134961,0.988659793814433,0.67480501865039,0.011340206185567,0.702152584565822,0.5,"ResNet50v2",0.91,"ROI - XC Pre-training"
5467,958,1984,9,0.490150933742645,0.3256288239293,0.990692864529473,0.6743711760707,0.0093071354705274,0.70337738619677,0.5,"MobileNetv2",0.91,"ROI - XC Pre-training"
5506,1013,1958,16,0.5065,0.340962638842141,0.984450923226433,0.659037361157859,0.0155490767735666,0.714688866939467,0.5,"ResNet101v2",0.91,"ROI - XC Pre-training"
5494,938,2026,10,0.479550102249489,0.316464237516869,0.989451476793249,0.683535762483131,0.0105485232067511,0.694197750148017,0.5,"ResNet50v2",0.92,"ROI - XC Pre-training"
5476,945,2006,9,0.483994878361076,0.320230430362589,0.990566037735849,0.679769569637411,0.00943396226415094,0.698241465937638,0.5,"MobileNetv2",0.92,"ROI - XC Pre-training"
5510,997,1978,15,0.500125407574617,0.335126050420168,0.985177865612648,0.664873949579832,0.0148221343873518,0.709810622241207,0.5,"ResNet101v2",0.92,"ROI - XC Pre-training"
5510,914,2066,10,0.468237704918033,0.306711409395973,0.989177489177489,0.693288590604027,0.0108225108225108,0.684541641701618,0.5,"ResNet50v2",0.93,"ROI - XC Pre-training"
5482,929,2028,9,0.477021822849807,0.314169766655394,0.990405117270789,0.685830233344606,0.00959488272921109,0.692353554926219,0.5,"MobileNetv2",0.93,"ROI - XC Pre-training"
5519,981,2003,15,0.492964824120603,0.328753351206434,0.984939759036145,0.671246648793566,0.0150602409638554,0.703932261768083,0.5,"ResNet101v2",0.93,"ROI - XC Pre-training"
5522,897,2095,10,0.460117978968966,0.299799465240642,0.988974641675854,0.700200534759358,0.0110253583241455,0.677492447129909,0.5,"ResNet50v2",0.94,"ROI - XC Pre-training"
5490,917,2048,9,0.471344127473657,0.309274873524452,0.990280777537797,0.690725126475548,0.00971922246220302,0.687509371719898,0.5,"MobileNetv2",0.94,"ROI - XC Pre-training"
5535,957,2042,13,0.482237339380197,0.319106368789597,0.98659793814433,0.680893631210403,0.0134020618556701,0.695595290013083,0.5,"ResNet101v2",0.94,"ROI - XC Pre-training"
5536,875,2131,10,0.449755846826009,0.291084497671324,0.988700564971751,0.708915502328676,0.0112994350282486,0.668347082187595,0.5,"ResNet50v2",0.95,"ROI - XC Pre-training"
5497,898,2074,9,0.463005929363238,0.302153432032301,0.990077177508269,0.697846567967699,0.00992282249173098,0.68030303030303,0.5,"MobileNetv2",0.95,"ROI - XC Pre-training"
5548,935,2076,12,0.472460838807479,0.310528063766191,0.987328405491024,0.689471936233809,0.0126715945089757,0.687601117811443,0.5,"ResNet101v2",0.95,"ROI - XC Pre-training"
5550,850,2170,10,0.438144329896907,0.281456953642384,0.988372093023256,0.718543046357616,0.0116279069767442,0.657894736842105,0.5,"ResNet50v2",0.96,"ROI - XC Pre-training"
5514,872,2117,9,0.450645994832041,0.291736366677819,0.989784335981839,0.708263633322181,0.0102156640181612,0.669430370029172,0.5,"MobileNetv2",0.96,"ROI - XC Pre-training"
5563,905,2121,12,0.459041339081917,0.299074686054197,0.986913849509269,0.700925313945803,0.0130861504907306,0.675978488198387,0.5,"ResNet101v2",0.96,"ROI - XC Pre-training"
5567,827,2210,8,0.427169421487603,0.272308198880474,0.990419161676647,0.727691801119526,0.00958083832335329,0.648424023835659,0.5,"ResNet50v2",0.97,"ROI - XC Pre-training"
5533,829,2179,8,0.431209362808843,0.275598404255319,0.990442054958184,0.724401595744681,0.00955794504181601,0.652139710509755,0.5,"MobileNetv2",0.97,"ROI - XC Pre-training"
5580,867,2176,11,0.442234123947972,0.284916201117318,0.9874715261959,0.715083798882682,0.0125284738041002,0.661327231121281,0.5,"ResNet101v2",0.97,"ROI - XC Pre-training"
5595,771,2294,7,0.401249024199844,0.251549755301794,0.991002570694087,0.748450244698206,0.0089974293059126,0.62408936376882,0.5,"ResNet50v2",0.98,"ROI - XC Pre-training"
5569,777,2265,5,0.406380753138075,0.255424063116371,0.993606138107417,0.744575936883629,0.00639386189258312,0.62965964343598,0.5,"MobileNetv2",0.98,"ROI - XC Pre-training"
5600,833,2230,9,0.42663252240717,0.271955599085864,0.989311163895487,0.728044400914136,0.0106888361045131,0.647644223293423,0.5,"ResNet101v2",0.98,"ROI - XC Pre-training"
5635,700,2405,6,0.367357648911047,0.225442834138486,0.991501416430595,0.774557165861514,0.0084985835694051,0.590318772136954,0.5,"ResNet50v2",0.99,"ROI - XC Pre-training"
5619,693,2398,4,0.365892291446674,0.224199288256228,0.994261119081779,0.775800711743772,0.00573888091822095,0.589385949991495,0.5,"MobileNetv2",0.99,"ROI - XC Pre-training"
5648,753,2357,7,0.389147286821705,0.242122186495177,0.990789473684211,0.757877813504823,0.00921052631578947,0.61219512195122,0.5,"ResNet101v2",0.99,"ROI - XC Pre-training"
69631,10703,33271,4784,0.360000672709843,0.24339382362305,0.691095757732292,0.75660617637695,0.308904242267708,0.505230263779007,0.5,"BirdNET",0.65,"Soundscape - BirdNET"
69655,10445,33577,4664,0.353283387732323,0.237267729771478,0.691309815341849,0.762732270228522,0.308690184658151,0.499961707097589,0.5,"BirdNET",0.66,"Soundscape - BirdNET"
69701,10168,33911,4550,0.345867986461894,0.23067673949046,0.690854735697785,0.76932326050954,0.309145264302215,0.493827160493827,0.5,"BirdNET",0.67,"Soundscape - BirdNET"
69739,9883,34252,4465,0.337978557871518,0.223926588875042,0.68880680234179,0.776073411124958,0.31119319765821,0.486717818905316,0.5,"BirdNET",0.68,"Soundscape - BirdNET"
69787,9583,34614,4372,0.329584537075251,0.216824671357784,0.686707273378717,0.783175328642216,0.313292726621283,0.479068558345081,0.5,"BirdNET",0.69,"Soundscape - BirdNET"
69836,9266,35001,4278,0.320561830793448,0.209320712946439,0.684140578854105,0.790679287053561,0.315859421145895,0.470627672866532,0.5,"BirdNET",0.7,"Soundscape - BirdNET"
69861,9029,35279,4174,0.31399210585801,0.203778098763203,0.683859728849504,0.796221901236797,0.316140271150496,0.464837314662273,0.5,"BirdNET",0.71,"Soundscape - BirdNET"
69883,8735,35614,3987,0.306109933241051,0.196960472614941,0.686605879578683,0.803039527385059,0.313394120421317,0.458592773816899,0.5,"BirdNET",0.72,"Soundscape - BirdNET"
69936,8431,35984,3869,0.297311116988451,0.189823257908364,0.685447154471545,0.810176742091636,0.314552845528455,0.450301767879079,0.5,"BirdNET",0.73,"Soundscape - BirdNET"
69966,8188,36271,3759,0.290323724426479,0.18416968442835,0.685360341508328,0.81583031557165,0.314639658491672,0.443808470736176,0.5,"BirdNET",0.74,"Soundscape - BirdNET"
70017,7857,36675,3608,0.28062217618801,0.176434923201293,0.685303096380288,0.823565076798706,0.314696903619712,0.434607044871228,0.5,"BirdNET",0.75,"Soundscape - BirdNET"
70049,7555,37025,3498,0.271601387665594,0.169470614625393,0.683524834886456,0.830529385374607,0.316475165113544,0.425432471393819,0.5,"BirdNET",0.76,"Soundscape - BirdNET"
70082,7272,37362,3369,0.263120759837178,0.16292512434467,0.683394417817874,0.83707487565533,0.316605582182126,0.416982040872497,0.5,"BirdNET",0.77,"Soundscape - BirdNET"
70115,6971,37712,3300,0.253703097135786,0.156010115703959,0.678707039236686,0.843989884296041,0.321292960763314,0.406391735749181,0.5,"BirdNET",0.78,"Soundscape - BirdNET"
70185,6588,38174,3166,0.241690512876954,0.147178410258702,0.675415214271068,0.852821589741298,0.324584785728932,0.393181980949653,0.5,"BirdNET",0.79,"Soundscape - BirdNET"
70230,6332,38485,3048,0.23366607007768,0.141285672847357,0.675053304904051,0.858714327152643,0.324946695095949,0.384517288703742,0.5,"BirdNET",0.8,"Soundscape - BirdNET"
70291,5979,38909,2927,0.222292448972004,0.133198182142221,0.671345160565911,0.866801817857779,0.328654839434089,0.371311108903021,0.5,"BirdNET",0.81,"Soundscape - BirdNET"
70366,5666,39307,2778,0.212142201920737,0.125986703132991,0.671009000473709,0.874013296867009,0.328990999526291,0.359750600007619,0.5,"BirdNET",0.82,"Soundscape - BirdNET"
70393,5476,39534,2626,0.206205753878596,0.121661852921573,0.675882498148605,0.878338147078427,0.324117501851395,0.353664522462476,0.5,"BirdNET",0.83,"Soundscape - BirdNET"
70448,5195,39887,2524,0.196776576201208,0.115234461647664,0.673014639201969,0.884765538352336,0.326985360798031,0.341965296611285,0.5,"BirdNET",0.84,"Soundscape - BirdNET"
70501,4891,40256,2389,0.18658324908921,0.108334994573283,0.671840659340659,0.891665005426717,0.328159340659341,0.329284877536456,0.5,"BirdNET",0.85,"Soundscape - BirdNET"
70550,4607,40596,2233,0.177045904348327,0.101918014291087,0.673538011695906,0.898081985708913,0.326461988304094,0.317448286316718,0.5,"BirdNET",0.86,"Soundscape - BirdNET"
70582,4397,40847,2085,0.170011212929668,0.0971841570152948,0.678340018512805,0.902815842984705,0.321659981487195,0.308899567245546,0.5,"BirdNET",0.87,"Soundscape - BirdNET"
70628,4046,41252,1920,0.157849563046192,0.0893196167601219,0.678176332551123,0.910680383239878,0.321823667448877,0.292501662762789,0.5,"BirdNET",0.88,"Soundscape - BirdNET"
70675,3781,41578,1777,0.148516212659819,0.0833572168698604,0.680280676502339,0.91664278313014,0.319719323497661,0.279697001080025,0.5,"BirdNET",0.89,"Soundscape - BirdNET"
70715,3556,41855,1627,0.140570028066569,0.0783070181233622,0.686089137565117,0.921692981876638,0.313910862434883,0.268811514445973,0.5,"BirdNET",0.9,"Soundscape - BirdNET"
70767,3286,42189,1505,0.130744439581427,0.0722594832325454,0.685869338342726,0.927740516767455,0.314130661657274,0.254180912452235,0.5,"BirdNET",0.91,"Soundscape - BirdNET"
70818,3031,42504,1338,0.12147322859891,0.0665641813989239,0.693751430533303,0.933435818601076,0.306248569466697,0.240513561124248,0.5,"BirdNET",0.92,"Soundscape - BirdNET"
70887,2675,42937,1227,0.10805024841459,0.0586468473208805,0.685545873910815,0.94135315267912,0.314454126089185,0.218474354786018,0.5,"BirdNET",0.93,"Soundscape - BirdNET"
70942,2264,43415,1111,0.0923064378032372,0.049563256638718,0.670814814814815,0.950436743361282,0.329185185185185,0.191284070362798,0.5,"BirdNET",0.94,"Soundscape - BirdNET"
71026,1973,43795,946,0.0810483291227638,0.0431087222513547,0.675916409729359,0.956891277748645,0.324083590270641,0.171732469883713,0.5,"BirdNET",0.95,"Soundscape - BirdNET"
71116,1561,44309,832,0.0646872345274848,0.0340309570525398,0.652319264521521,0.96596904294746,0.347680735478479,0.140777749720429,0.5,"BirdNET",0.96,"Soundscape - BirdNET"
71217,1044,44936,695,0.0437561558289151,0.0227055241409308,0.600345025876941,0.977294475859069,0.399654974123059,0.0986096418316458,0.5,"BirdNET",0.97,"Soundscape - BirdNET"
71290,714,45348,522,0.0301915514398072,0.015500846684903,0.577669902912621,0.984499153315097,0.422330097087379,0.0699917656746265,0.5,"BirdNET",0.98,"Soundscape - BirdNET"
71384,360,45801,268,0.0153882322768172,0.00779879118736596,0.573248407643312,0.992201208812634,0.426751592356688,0.0369814887103733,0.5,"BirdNET",0.99,"Soundscape - BirdNET"
